Species,All Aegilops,All wild,Triticum wild/cultivated,A.bicornis,A.caudata,A.longissima,A.mutica,A.sharonensis,A.speltoides,A.tauschii,A.umbellulata,A.uniaristata,A.variabilis,T.aestivum,T.aethiopicum,T.araraticum,T.boeoticum,T.compactum,T.dicoccoides,T.dicoccum,T.durum,T.ispahanicum,T.jakubzineri,T.karamyshevii,T.macha,T.monococcum,T.persicum,T.polonicum,T.sinskajae,T.spelta,T.sphaerococcum,T.timopheevii,T.turanicum,T.turgidum,T.urartu,T.vavilovii
Number of samples for the species,15,30,15,2,1,2,1,2,2,2,1,1,1,99,1,2,2,1,8,3,14,1,1,1,1,2,1,2,1,11,1,3,1,1,3,1
Number of samples for the other species,161,146,146,174,175,174,175,174,174,174,175,175,175,77,175,174,174,175,168,173,162,175,175,175,175,174,175,174,175,165,175,173,175,175,173,175
Average SNPs count for the species per sample per subgenome,6.933333333333334,15.516666666666667,24.1,12.5,2.0,14.5,1.0,8.5,7.5,2.5,2.0,4.0,4.0,5.898989898989901,15.0,14.0,56.0,7.666666666666667,15.1875,11.166666666666666,14.714285714285714,15.0,12.5,16.5,6.333333333333333,47.0,13.0,15.0,49.0,7.515151515151515,6.666666666666667,14.166666666666666,16.5,14.0,33.333333333333336,23.0
Average SNPs count for the other species per sample per subgenome,10.120082815734992,8.683789954337902,8.683789954337902,9.818007662835251,9.893333333333336,9.795019157088126,9.899047619047622,9.863984674329505,9.875478927203067,9.932950191570884,9.893333333333336,9.881904761904764,9.881904761904764,14.926406926406925,9.819047619047621,9.800766283524906,9.318007662835251,9.860952380952382,9.594246031746033,9.825626204238922,9.427983539094653,9.819047619047621,9.833333333333336,9.810476190476193,9.868571428571432,9.42145593869732,9.830476190476192,9.789272030651343,9.624761904761908,10.004040404040405,9.866666666666669,9.77360308285164,9.810476190476193,9.824761904761907,9.441233140655108,9.773333333333335
Common SNPs count for the species and for the other species,32,169,160,20,2,20,1,14,13,6,3,4,9,173,32,36,76,26,116,41,124,33,28,37,18,74,30,53,52,88,21,57,37,30,74,50
Unique SNPs count for the species,10,52,42,2,0,3,0,0,1,0,0,1,0,135,2,1,14,0,13,2,25,0,0,0,4,11,0,0,2,7,0,7,1,1,10,24
Unique SNPs count for the other species,483,304,313,503,523,502,524,511,511,519,522,520,516,217,491,488,435,499,396,482,376,492,497,488,503,440,495,472,471,430,504,461,487,494,441,451
Average unique SNPs count for the species per sample per subgenome,0.625,1.2682926829268293,1.6799999999999997,1.0,0.0,1.5,0.0,0.0,0.5,0.0,0.0,1.0,0.0,0.45454545454545453,1.0,0.25,7.0,0.0,0.8125,0.3333333333333333,0.8928571428571429,0.0,0.0,0.0,1.3333333333333333,5.5,0.0,0.0,2.0,0.21212121212121213,0.0,1.1666666666666667,0.5,0.5,3.3333333333333335,8.0
Average unique SNPs count for the other species per sample per subgenome,1.1285046728971961,0.7543424317617865,0.7766749379652604,1.1380090497737556,1.18058690744921,1.1357466063348416,1.182844243792325,1.1561085972850678,1.1561085972850678,1.1742081447963801,1.1783295711060946,1.1738148984198646,1.1674208144796379,1.4761904761904763,1.1108597285067872,1.1090909090909091,0.9841628959276018,1.1315192743764173,0.9252336448598132,1.1004566210045663,0.903846153846154,1.1131221719457014,1.1244343891402715,1.1040723981900453,1.1405895691609977,0.995475113122172,1.1199095022624435,1.0727272727272725,1.0632054176072234,1.0462287104622872,1.1428571428571428,1.0525114155251143,1.1018099547511313,1.1176470588235294,1.0,1.0226757369614512
Average ploidy for the species,1.0666666666666667,1.3666666666666667,1.6666666666666667,1.0,1.0,1.0,1.0,1.0,1.0,1.0,1.0,1.0,2.0,3.0,2.0,2.0,1.0,3.0,2.0,2.0,2.0,2.0,2.0,2.0,3.0,1.0,2.0,2.0,1.0,3.0,3.0,2.0,2.0,2.0,1.0,3.0
Average ploidy for the other species,2.658385093167702,2.76027397260274,2.76027397260274,2.5402298850574714,2.5314285714285716,2.5402298850574714,2.5314285714285716,2.5402298850574714,2.5402298850574714,2.5402298850574714,2.5314285714285716,2.5314285714285716,2.525714285714286,1.9090909090909092,2.525714285714286,2.528735632183908,2.5402298850574714,2.52,2.5476190476190474,2.531791907514451,2.567901234567901,2.525714285714286,2.525714285714286,2.525714285714286,2.52,2.5402298850574714,2.525714285714286,2.528735632183908,2.5314285714285716,2.4909090909090907,2.52,2.531791907514451,2.525714285714286,2.525714285714286,2.5491329479768785,2.52
Count of snps,126,692,566,29,2,34,1,19,17,7,3,5,9,1956,34,58,124,26,271,74,449,33,28,37,22,111,30,67,54,276,21,94,38,31,113,74
Count of other snps,4021,3455,3455,4118,4145,4113,4146,4128,4130,4140,4144,4142,4138,2191,4113,4089,4023,4121,3876,4073,3698,4114,4119,4110,4125,4036,4117,4080,4093,3871,4126,4053,4109,4116,4034,4073
""
Snps count,4147
Snps types count,7,"A, C, ATTTT, GCCCC, G, T, GTCTC"
Unique snps count by positions,208
Non unique snps count by positions,317
All snps count by positions,525
